<?xml version = '1.0' encoding = 'UTF-8'?>
<Entity class="oracle.dbtools.crest.model.design.logical.Entity" directorySegmentName="seg_0" id="0BB049ED-A619-F4FA-497E-87C82898EEC9" name="VUELO">
<createdBy>diego</createdBy>
<createdTime>2025-08-25 03:29:33 UTC</createdTime>
<ownerDesignName>Exp1_S2_GRUPO7_VyD</ownerDesignName>
<engineerTo>
<item key="721AB50C-9A59-D67A-ACEA-66DBEA89F0EF" value="true"/>
</engineerTo>
<adequatelyNormalized>NO</adequatelyNormalized>
<expectedVolumes>0</expectedVolumes>
<fwdEngineeringStrategyName>Single Table</fwdEngineeringStrategyName>
<growthPercent>0</growthPercent>
<growthType>Year</growthType>
<maxVolumes>9999999</maxVolumes>
<minVolumes>0</minVolumes>
<normalForm>Third</normalForm>
<attributes itemClass="oracle.dbtools.crest.model.design.logical.Attribute">
<Attribute name="Num_Vuelo" id="C522CB90-C861-88A4-4F99-9E4C4DB0F457">
<createdBy>diego</createdBy>
<createdTime>2025-08-25 03:29:43 UTC</createdTime>
<ownerDesignName>Exp1_S2_GRUPO7_VyD</ownerDesignName>
<engineerTo>
<item key="721AB50C-9A59-D67A-ACEA-66DBEA89F0EF" value="true"/>
</engineerTo>
<useDomainConstraints>false</useDomainConstraints>
<use>1</use>
<logicalDatatype>LOGDT024</logicalDatatype>
<dataTypeSize>50</dataTypeSize>
<ownDataTypeParameters>50,,</ownDataTypeParameters>
</Attribute>
<Attribute name="Fecha_Hora_salida" id="D591BB01-2414-65C7-69FD-ADE817090C4B">
<createdBy>diego</createdBy>
<createdTime>2025-08-25 03:32:21 UTC</createdTime>
<ownerDesignName>Exp1_S2_GRUPO7_VyD</ownerDesignName>
<engineerTo>
<item key="721AB50C-9A59-D67A-ACEA-66DBEA89F0EF" value="true"/>
</engineerTo>
<useDomainConstraints>false</useDomainConstraints>
<use>1</use>
<logicalDatatype>LOGDT024</logicalDatatype>
<dataTypeSize>50</dataTypeSize>
<ownDataTypeParameters>50,,</ownDataTypeParameters>
</Attribute>
<Attribute name="Fecha_llegada_destino" id="84DE44F5-38F0-5B44-DB35-7D4ABCD97BA5">
<createdBy>diego</createdBy>
<createdTime>2025-08-25 03:32:53 UTC</createdTime>
<ownerDesignName>Exp1_S2_GRUPO7_VyD</ownerDesignName>
<engineerTo>
<item key="721AB50C-9A59-D67A-ACEA-66DBEA89F0EF" value="true"/>
</engineerTo>
<useDomainConstraints>false</useDomainConstraints>
<use>1</use>
<logicalDatatype>LOGDT024</logicalDatatype>
<dataTypeSize>50</dataTypeSize>
<ownDataTypeParameters>50,,</ownDataTypeParameters>
</Attribute>
<Attribute name="Ciudad_origen" id="37FB804E-E895-5BD5-7B98-EA5A8C46C8E2">
<createdBy>diego</createdBy>
<createdTime>2025-08-25 03:35:16 UTC</createdTime>
<ownerDesignName>Exp1_S2_GRUPO7_VyD</ownerDesignName>
<engineerTo>
<item key="721AB50C-9A59-D67A-ACEA-66DBEA89F0EF" value="true"/>
</engineerTo>
<useDomainConstraints>false</useDomainConstraints>
<use>1</use>
<logicalDatatype>LOGDT024</logicalDatatype>
<dataTypeSize>50</dataTypeSize>
<ownDataTypeParameters>50,,</ownDataTypeParameters>
</Attribute>
<Attribute name="Ciudad_destino" id="8BCA53DC-8E25-AEA3-E479-55C7748084AD">
<createdBy>diego</createdBy>
<createdTime>2025-08-25 03:35:48 UTC</createdTime>
<ownerDesignName>Exp1_S2_GRUPO7_VyD</ownerDesignName>
<engineerTo>
<item key="721AB50C-9A59-D67A-ACEA-66DBEA89F0EF" value="true"/>
</engineerTo>
<useDomainConstraints>false</useDomainConstraints>
<use>1</use>
<logicalDatatype>LOGDT024</logicalDatatype>
<dataTypeSize>50</dataTypeSize>
<ownDataTypeParameters>50,,</ownDataTypeParameters>
</Attribute>
<Attribute name="Matricula" id="7F60723C-8868-6EEB-50E8-B1696556CD03">
<createdBy>diego</createdBy>
<createdTime>2025-08-25 03:45:46 UTC</createdTime>
<generatorID>0FB59F38-1284-CA30-4A9F-9947DA28566A</generatorID>
<ownerDesignName>Exp1_S2_GRUPO7_VyD</ownerDesignName>
<engineerTo>
<item key="721AB50C-9A59-D67A-ACEA-66DBEA89F0EF" value="true"/>
</engineerTo>
<referedAttribute>41FC10BE-389D-4DA5-FCC6-34E1469EEE6F</referedAttribute>
<useDomainConstraints>false</useDomainConstraints>
<use>1</use>
<logicalDatatype>LOGDT024</logicalDatatype>
<ownDataTypeParameters>,,</ownDataTypeParameters>
</Attribute>
</attributes>
<identifiers itemClass="oracle.dbtools.crest.model.design.logical.CandidateKey">
<identifier id="1B9593D5-3E3E-E620-CC37-62383C319359" name="VUELO PK">
<createdBy>diego</createdBy>
<createdTime>2025-08-25 03:30:40 UTC</createdTime>
<ownerDesignName>Exp1_S2_GRUPO7_VyD</ownerDesignName>
<shouldEngineer>false</shouldEngineer>
<engineerTo>
<item key="721AB50C-9A59-D67A-ACEA-66DBEA89F0EF" value="false"/>
</engineerTo>
<pk>true</pk>
<usedAttributes>
<attributeRef>C522CB90-C861-88A4-4F99-9E4C4DB0F457</attributeRef>
</usedAttributes>
</identifier>
</identifiers>
</Entity>