<?xml version = '1.0' encoding = 'UTF-8'?>
<Entity class="oracle.dbtools.crest.model.design.logical.Entity" directorySegmentName="seg_0" id="AC99DE71-E424-EFF8-9079-19F81AC3824D" name="RESERVA">
<createdBy>diego</createdBy>
<createdTime>2025-08-25 03:40:00 UTC</createdTime>
<ownerDesignName>Exp1_S2_GRUPO7_VyD</ownerDesignName>
<engineerTo>
<item key="721AB50C-9A59-D67A-ACEA-66DBEA89F0EF" value="true"/>
</engineerTo>
<adequatelyNormalized>NO</adequatelyNormalized>
<expectedVolumes>0</expectedVolumes>
<fwdEngineeringStrategyName>Single Table</fwdEngineeringStrategyName>
<growthPercent>0</growthPercent>
<growthType>Year</growthType>
<maxVolumes>9999999</maxVolumes>
<minVolumes>0</minVolumes>
<normalForm>Third</normalForm>
<attributes itemClass="oracle.dbtools.crest.model.design.logical.Attribute">
<Attribute name="Num_Reserva" id="488797B0-6179-EF27-DA38-0C0C1E193D97">
<createdBy>diego</createdBy>
<createdTime>2025-08-25 03:40:07 UTC</createdTime>
<ownerDesignName>Exp1_S2_GRUPO7_VyD</ownerDesignName>
<engineerTo>
<item key="721AB50C-9A59-D67A-ACEA-66DBEA89F0EF" value="true"/>
</engineerTo>
<useDomainConstraints>false</useDomainConstraints>
<use>1</use>
<logicalDatatype>LOGDT024</logicalDatatype>
<dataTypeSize>50</dataTypeSize>
<ownDataTypeParameters>50,,</ownDataTypeParameters>
</Attribute>
<Attribute name="Fecha_Reserva" id="75C00363-9746-1A6B-92C0-62C84E1158D5">
<createdBy>diego</createdBy>
<createdTime>2025-08-25 03:40:26 UTC</createdTime>
<ownerDesignName>Exp1_S2_GRUPO7_VyD</ownerDesignName>
<engineerTo>
<item key="721AB50C-9A59-D67A-ACEA-66DBEA89F0EF" value="true"/>
</engineerTo>
<useDomainConstraints>false</useDomainConstraints>
<use>1</use>
<logicalDatatype>LOGDT024</logicalDatatype>
<dataTypeSize>50</dataTypeSize>
<ownDataTypeParameters>50,,</ownDataTypeParameters>
</Attribute>
<Attribute name="Fecha_Viaje" id="9ED2411E-0718-F087-090E-3C03EA4C9B82">
<createdBy>diego</createdBy>
<createdTime>2025-08-25 03:41:24 UTC</createdTime>
<ownerDesignName>Exp1_S2_GRUPO7_VyD</ownerDesignName>
<engineerTo>
<item key="721AB50C-9A59-D67A-ACEA-66DBEA89F0EF" value="true"/>
</engineerTo>
<useDomainConstraints>false</useDomainConstraints>
<use>1</use>
<logicalDatatype>LOGDT007</logicalDatatype>
<ownDataTypeParameters>,,</ownDataTypeParameters>
</Attribute>
<Attribute name="Estado" id="6EECD983-0FF2-94A7-A9E3-F9B984B87BB5">
<createdBy>diego</createdBy>
<createdTime>2025-08-25 03:41:40 UTC</createdTime>
<ownerDesignName>Exp1_S2_GRUPO7_VyD</ownerDesignName>
<engineerTo>
<item key="721AB50C-9A59-D67A-ACEA-66DBEA89F0EF" value="true"/>
</engineerTo>
<useDomainConstraints>false</useDomainConstraints>
<use>1</use>
<logicalDatatype>LOGDT024</logicalDatatype>
<dataTypeSize>50</dataTypeSize>
<ownDataTypeParameters>50,,</ownDataTypeParameters>
</Attribute>
<Attribute name="ID_Pasajero" id="22D9A78A-91AB-5F44-F61B-8F9AEB1C4E36">
<createdBy>diego</createdBy>
<createdTime>2025-08-25 03:45:07 UTC</createdTime>
<generatorID>7B88384A-B657-F853-E292-BABB33ECAD89</generatorID>
<ownerDesignName>Exp1_S2_GRUPO7_VyD</ownerDesignName>
<engineerTo>
<item key="721AB50C-9A59-D67A-ACEA-66DBEA89F0EF" value="true"/>
</engineerTo>
<referedAttribute>9AC9677B-896E-9AC7-CEAC-478A581A2A4B</referedAttribute>
<useDomainConstraints>false</useDomainConstraints>
<use>1</use>
<logicalDatatype>LOGDT024</logicalDatatype>
<dataTypeSize>50</dataTypeSize>
<ownDataTypeParameters>,,</ownDataTypeParameters>
</Attribute>
<Attribute name="Num_Vuelo" id="3EDB4FBD-834A-CEE5-ED1D-6694BDC9E32C">
<createdBy>diego</createdBy>
<createdTime>2025-08-25 03:45:34 UTC</createdTime>
<generatorID>BEC44ADF-6B57-2033-5551-B7147104A072</generatorID>
<ownerDesignName>Exp1_S2_GRUPO7_VyD</ownerDesignName>
<engineerTo>
<item key="721AB50C-9A59-D67A-ACEA-66DBEA89F0EF" value="true"/>
</engineerTo>
<referedAttribute>C522CB90-C861-88A4-4F99-9E4C4DB0F457</referedAttribute>
<useDomainConstraints>false</useDomainConstraints>
<use>1</use>
<logicalDatatype>LOGDT024</logicalDatatype>
<dataTypeSize>50</dataTypeSize>
<ownDataTypeParameters>,,</ownDataTypeParameters>
</Attribute>
<Attribute name="ID_Empleado" id="E1803BAD-8B48-ADCF-481C-6B26AE9ECEAF">
<createdBy>diego</createdBy>
<createdTime>2025-08-25 05:16:56 UTC</createdTime>
<generatorID>9DD871D8-8B8D-A51F-7077-C4CEDD354940</generatorID>
<ownerDesignName>Exp1_S2_GRUPO7_VyD</ownerDesignName>
<engineerTo>
<item key="721AB50C-9A59-D67A-ACEA-66DBEA89F0EF" value="true"/>
</engineerTo>
<referedAttribute>E4AA1E86-AABA-4C9A-68D5-9B13492D975D</referedAttribute>
<useDomainConstraints>false</useDomainConstraints>
<use>1</use>
<logicalDatatype>LOGDT024</logicalDatatype>
<dataTypeSize>50</dataTypeSize>
<ownDataTypeParameters>,,</ownDataTypeParameters>
</Attribute>
</attributes>
<identifiers itemClass="oracle.dbtools.crest.model.design.logical.CandidateKey">
<identifier id="63B6C356-A22D-1D4B-0E19-7D6634860071" name="RESERVA PK">
<createdBy>diego</createdBy>
<createdTime>2025-08-25 03:40:13 UTC</createdTime>
<ownerDesignName>Exp1_S2_GRUPO7_VyD</ownerDesignName>
<shouldEngineer>false</shouldEngineer>
<engineerTo>
<item key="721AB50C-9A59-D67A-ACEA-66DBEA89F0EF" value="false"/>
</engineerTo>
<pk>true</pk>
<usedAttributes>
<attributeRef>E1803BAD-8B48-ADCF-481C-6B26AE9ECEAF</attributeRef>
</usedAttributes>
</identifier>
</identifiers>
</Entity>