<?xml version = '1.0' encoding = 'UTF-8'?>
<Entity class="oracle.dbtools.crest.model.design.logical.Entity" directorySegmentName="seg_0" id="D3F49356-51E8-5C42-E47D-912F31682C30" name="ADMINISTRATIVO">
<createdBy>diego</createdBy>
<createdTime>2025-08-25 03:22:15 UTC</createdTime>
<ownerDesignName>Exp1_S2_GRUPO7_VyD</ownerDesignName>
<engineerTo>
<item key="721AB50C-9A59-D67A-ACEA-66DBEA89F0EF" value="true"/>
</engineerTo>
<adequatelyNormalized>NO</adequatelyNormalized>
<expectedVolumes>0</expectedVolumes>
<fwdEngineeringStrategyName>Single Table</fwdEngineeringStrategyName>
<growthPercent>0</growthPercent>
<growthType>Year</growthType>
<hierarchicalParent>496D43FD-71CC-2091-CAD2-50964523C99C</hierarchicalParent>
<maxVolumes>9999999</maxVolumes>
<minVolumes>0</minVolumes>
<normalForm>Third</normalForm>
<attributes itemClass="oracle.dbtools.crest.model.design.logical.Attribute">
<Attribute name="Horas_Extras" id="2F2B738D-6CB1-D1F6-1F43-CBDBA52C89FE">
<createdBy>diego</createdBy>
<createdTime>2025-08-25 03:23:18 UTC</createdTime>
<ownerDesignName>Exp1_S2_GRUPO7_VyD</ownerDesignName>
<engineerTo>
<item key="721AB50C-9A59-D67A-ACEA-66DBEA89F0EF" value="true"/>
</engineerTo>
<useDomainConstraints>false</useDomainConstraints>
<use>1</use>
<logicalDatatype>LOGDT024</logicalDatatype>
<dataTypeSize>50</dataTypeSize>
<ownDataTypeParameters>50,,</ownDataTypeParameters>
</Attribute>
<Attribute name="AFP" id="C8735ECC-19D8-F283-163D-334E79A41D34">
<createdBy>diego</createdBy>
<createdTime>2025-08-25 03:23:48 UTC</createdTime>
<ownerDesignName>Exp1_S2_GRUPO7_VyD</ownerDesignName>
<engineerTo>
<item key="721AB50C-9A59-D67A-ACEA-66DBEA89F0EF" value="true"/>
</engineerTo>
<useDomainConstraints>false</useDomainConstraints>
<use>1</use>
<logicalDatatype>LOGDT024</logicalDatatype>
<dataTypeSize>50</dataTypeSize>
<ownDataTypeParameters>50,,</ownDataTypeParameters>
</Attribute>
</attributes>
</Entity>