<?xml version = '1.0' encoding = 'UTF-8'?>
<Entity class="oracle.dbtools.crest.model.design.logical.Entity" directorySegmentName="seg_0" id="D4335048-F85D-D43D-A99C-0CE17DE3AD8D" name="EQUIPAJE">
<createdBy>diego</createdBy>
<createdTime>2025-08-25 03:02:44 UTC</createdTime>
<ownerDesignName>Exp1_S2_GRUPO7_VyD</ownerDesignName>
<engineerTo>
<item key="721AB50C-9A59-D67A-ACEA-66DBEA89F0EF" value="true"/>
</engineerTo>
<adequatelyNormalized>NO</adequatelyNormalized>
<expectedVolumes>0</expectedVolumes>
<fwdEngineeringStrategyName>Single Table</fwdEngineeringStrategyName>
<growthPercent>0</growthPercent>
<growthType>Year</growthType>
<maxVolumes>9999999</maxVolumes>
<minVolumes>0</minVolumes>
<normalForm>Third</normalForm>
<attributes itemClass="oracle.dbtools.crest.model.design.logical.Attribute">
<Attribute name="Cod_Equipaje" id="81FB69BA-73D3-8B29-9D5F-8D475688F7DD">
<createdBy>diego</createdBy>
<createdTime>2025-08-25 03:10:06 UTC</createdTime>
<ownerDesignName>Exp1_S2_GRUPO7_VyD</ownerDesignName>
<engineerTo>
<item key="721AB50C-9A59-D67A-ACEA-66DBEA89F0EF" value="true"/>
</engineerTo>
<useDomainConstraints>false</useDomainConstraints>
<use>1</use>
<logicalDatatype>LOGDT024</logicalDatatype>
<dataTypeSize>20</dataTypeSize>
<ownDataTypeParameters>20,,</ownDataTypeParameters>
</Attribute>
<Attribute name="color" id="49B1F3A3-5BBB-87CB-6976-DB6D7663EC0C">
<createdBy>diego</createdBy>
<createdTime>2025-08-25 03:10:59 UTC</createdTime>
<ownerDesignName>Exp1_S2_GRUPO7_VyD</ownerDesignName>
<engineerTo>
<item key="721AB50C-9A59-D67A-ACEA-66DBEA89F0EF" value="true"/>
</engineerTo>
<useDomainConstraints>false</useDomainConstraints>
<use>1</use>
<logicalDatatype>LOGDT024</logicalDatatype>
<dataTypeSize>20</dataTypeSize>
<ownDataTypeParameters>20,,</ownDataTypeParameters>
</Attribute>
<Attribute name="Peso_kg" id="086B27E0-1EF1-D21F-AF6C-CA31041B669E">
<createdBy>diego</createdBy>
<createdTime>2025-08-25 05:08:43 UTC</createdTime>
<ownerDesignName>Exp1_S2_GRUPO7_VyD</ownerDesignName>
<engineerTo>
<item key="721AB50C-9A59-D67A-ACEA-66DBEA89F0EF" value="true"/>
</engineerTo>
<useDomainConstraints>false</useDomainConstraints>
<use>1</use>
<logicalDatatype>LOGDT019</logicalDatatype>
<dataTypePrecision>5</dataTypePrecision>
<dataTypeScale>2</dataTypeScale>
<ownDataTypeParameters>,5,2</ownDataTypeParameters>
</Attribute>
<Attribute name="Descripcion" id="6E2E68D2-4A12-EE3E-C71C-C9C9C401FE6A">
<createdBy>diego</createdBy>
<createdTime>2025-08-25 03:11:17 UTC</createdTime>
<ownerDesignName>Exp1_S2_GRUPO7_VyD</ownerDesignName>
<engineerTo>
<item key="721AB50C-9A59-D67A-ACEA-66DBEA89F0EF" value="true"/>
</engineerTo>
<nullsAllowed>true</nullsAllowed>
<useDomainConstraints>false</useDomainConstraints>
<use>1</use>
<logicalDatatype>LOGDT024</logicalDatatype>
<dataTypeSize>200</dataTypeSize>
<ownDataTypeParameters>200,,</ownDataTypeParameters>
</Attribute>
<Attribute name="Pasajero_ID_Pasajero" id="C0652FE4-755F-5CE2-7AA6-81A2905D72B6">
<createdBy>diego</createdBy>
<createdTime>2025-08-25 05:10:03 UTC</createdTime>
<ownerDesignName>Exp1_S2_GRUPO7_VyD</ownerDesignName>
<engineerTo>
<item key="721AB50C-9A59-D67A-ACEA-66DBEA89F0EF" value="true"/>
</engineerTo>
<useDomainConstraints>false</useDomainConstraints>
<use>1</use>
<logicalDatatype>LOGDT019</logicalDatatype>
<dataTypePrecision>10</dataTypePrecision>
<ownDataTypeParameters>,10,</ownDataTypeParameters>
</Attribute>
<Attribute name="ID_Pasajero1" id="C742B428-A98B-FFD0-4766-0263BCED60C3">
<createdBy>diego</createdBy>
<createdTime>2025-08-25 03:45:58 UTC</createdTime>
<generatorID>5167AB22-714D-75A6-99CD-99F117846C20</generatorID>
<ownerDesignName>Exp1_S2_GRUPO7_VyD</ownerDesignName>
<engineerTo>
<item key="721AB50C-9A59-D67A-ACEA-66DBEA89F0EF" value="true"/>
</engineerTo>
<referedAttribute>9AC9677B-896E-9AC7-CEAC-478A581A2A4B</referedAttribute>
<useDomainConstraints>false</useDomainConstraints>
<use>1</use>
<logicalDatatype>LOGDT024</logicalDatatype>
<dataTypeSize>50</dataTypeSize>
<ownDataTypeParameters>,,</ownDataTypeParameters>
</Attribute>
</attributes>
<identifiers itemClass="oracle.dbtools.crest.model.design.logical.CandidateKey">
<identifier id="28CF358C-ADD2-54CB-7997-979ABF17A6EE" name="EQUIPAJE PK">
<createdBy>diego</createdBy>
<createdTime>2025-08-25 03:03:54 UTC</createdTime>
<ownerDesignName>Exp1_S2_GRUPO7_VyD</ownerDesignName>
<engineerTo>
<item key="721AB50C-9A59-D67A-ACEA-66DBEA89F0EF" value="true"/>
</engineerTo>
<pk>true</pk>
<newElementsIDs>C742B428-A98B-FFD0-4766-0263BCED60C3,81FB69BA-73D3-8B29-9D5F-8D475688F7DD</newElementsIDs>
<usedAttributes>
<attributeRef>C742B428-A98B-FFD0-4766-0263BCED60C3</attributeRef>
<attributeRef>81FB69BA-73D3-8B29-9D5F-8D475688F7DD</attributeRef>
</usedAttributes>
</identifier>
<identifier id="B8626A4E-B5E9-3757-8DF5-9D5FD359F972" name="Cod_Equipaje">
<createdBy>diego</createdBy>
<createdTime>2025-08-25 04:35:25 UTC</createdTime>
<ownerDesignName>Exp1_S2_GRUPO7_VyD</ownerDesignName>
<shouldEngineer>false</shouldEngineer>
<engineerTo>
<item key="721AB50C-9A59-D67A-ACEA-66DBEA89F0EF" value="false"/>
</engineerTo>
<newElementsIDs>81FB69BA-73D3-8B29-9D5F-8D475688F7DD</newElementsIDs>
<usedAttributes>
<attributeRef>81FB69BA-73D3-8B29-9D5F-8D475688F7DD</attributeRef>
</usedAttributes>
</identifier>
</identifiers>
</Entity>