<?xml version = '1.0' encoding = 'UTF-8'?>
<FKArc class="oracle.dbtools.crest.model.design.relational.FKArc" directorySegmentName="seg_0" id="F0F1970E-5BD9-B582-396C-FA7638888312" name="FKArc_1">
<createdBy>diego</createdBy>
<createdTime>2025-08-25 04:42:37 UTC</createdTime>
<ownerDesignName>Exp1_Grupo7_S3</ownerDesignName>
<mandatory>false</mandatory>
<reverseArc>true</reverseArc>
<table>45ECFDCB-E975-D19A-FE53-A42EAAC51627</table>
<fkeys>
<fkeyID>6C135C7A-FD42-199D-3289-8E4CDDE9A4DE</fkeyID>
<fkeyID>CA0D0FF9-C5CB-BAB0-2D65-11683C70A762</fkeyID>
</fkeys>
</FKArc>