<?xml version = '1.0' encoding = 'UTF-8'?>
<Diagram class="oracle.dbtools.crest.swingui.relational.DPVRelational" name="Relational_1" id="4A6FFFB0-E0B0-BF58-005E-39AA2DAA8883">
<createdBy>diego</createdBy>
<modifiedBy>diego</modifiedBy>
<createdTime>2025-08-25 04:42:37 UTC</createdTime>
<autoRoute>false</autoRoute>
<boxInbox>true</boxInbox>
<showLegend>false</showLegend>
<showLabels>false</showLabels>
<showRelAttributes>false</showRelAttributes>
<gridEnabled>false</gridEnabled>
<showGrid>false</showGrid>
<diagramColor>-1</diagramColor>
<display>false</display>
<notation>1</notation>
<objectViews>
<OView class="oracle.dbtools.crest.swingui.relational.TVTable" oid="135FE598-7421-84F7-5F00-A9331D1226D9" otype="Table" vid="8A28181E-F885-EBBB-63F3-288478850CCD">
<hideElementsInCurrentOnly>false</hideElementsInCurrentOnly>
<bounds x="616" y="117" width="247" height="205"/>
</OView>
<OView class="oracle.dbtools.crest.swingui.relational.TVTable" oid="263A1553-F1C7-4C58-2FD0-CD2819EED59D" otype="Table" vid="CBE10A8E-594B-1BB6-55C1-15DA125A3E28">
<hideElementsInCurrentOnly>false</hideElementsInCurrentOnly>
<bounds x="702" y="446" width="149" height="111"/>
</OView>
<OView class="oracle.dbtools.crest.swingui.relational.TVTable" oid="2C86D221-80F2-1BDA-62D0-B6256A0EE200" otype="Table" vid="E7F16017-59F6-28C3-BAB9-A5F0ACDD11D6">
<hideElementsInCurrentOnly>false</hideElementsInCurrentOnly>
<bounds x="295" y="118" width="233" height="219"/>
</OView>
<OView class="oracle.dbtools.crest.swingui.relational.TVTable" oid="398A09F1-CAEA-1EFE-5F62-B0B3C5A5488A" otype="Table" vid="EC6A5ABF-3277-A9CE-A9E6-89CC0B20E00C">
<hideElementsInCurrentOnly>false</hideElementsInCurrentOnly>
<bounds x="35" y="95" width="214" height="208"/>
</OView>
<OView class="oracle.dbtools.crest.swingui.relational.TVTable" oid="45ECFDCB-E975-D19A-FE53-A42EAAC51627" otype="Table" vid="CF3792F2-69EF-2F32-4DFA-07D8FCACAF8F">
<hideElementsInCurrentOnly>false</hideElementsInCurrentOnly>
<bounds x="692" y="406" width="312" height="214"/>
</OView>
<OView class="oracle.dbtools.crest.swingui.relational.TVTable" oid="8597B501-21B3-EF12-5E97-AEB3367AE6FF" otype="Table" vid="EF2AC1D2-A7C4-6697-F4ED-61E8AE12CE11">
<hideElementsInCurrentOnly>false</hideElementsInCurrentOnly>
<bounds x="73" y="391" width="341" height="205"/>
</OView>
<OView class="oracle.dbtools.crest.swingui.relational.TVTable" oid="B69AFEB0-31B9-377A-221A-4284F772294C" otype="Table" vid="F83EB7FC-0EBF-33C3-BB67-553B59F2DA75">
<hideElementsInCurrentOnly>false</hideElementsInCurrentOnly>
<bounds x="708" y="500" width="143" height="57"/>
</OView>
<OView class="oracle.dbtools.crest.swingui.relational.TVTable" oid="CF56FE1F-9C4C-E366-25B7-886063008240" otype="Table" vid="4F288115-675A-DAD9-0594-B5C86DE45886">
<hideElementsInCurrentOnly>false</hideElementsInCurrentOnly>
<bounds x="960" y="119" width="196" height="214"/>
</OView>
</objectViews>
<connectors>
<Connector class="oracle.dbtools.crest.swingui.relational.TVFKRelation" oid="09326880-1438-B2A6-594E-EDFD9FE98FAE" otype="FKIndexAssociation" vid_source="4F288115-675A-DAD9-0594-B5C86DE45886" vid_target="8A28181E-F885-EBBB-63F3-288478850CCD">
<hideElementsInCurrentOnly>false</hideElementsInCurrentOnly>
<backgroundColor>-16777216</backgroundColor>
<lineWidth>1</lineWidth>
<points>
<point x="960" y="220"/>
<point x="863" y="220"/>
</points>
</Connector>
<Connector class="oracle.dbtools.crest.swingui.relational.TVFKRelation" oid="6C135C7A-FD42-199D-3289-8E4CDDE9A4DE" otype="FKIndexAssociation" vid_source="CF3792F2-69EF-2F32-4DFA-07D8FCACAF8F" vid_target="CBE10A8E-594B-1BB6-55C1-15DA125A3E28">
<hideElementsInCurrentOnly>false</hideElementsInCurrentOnly>
<backgroundColor>-16777216</backgroundColor>
<lineWidth>1</lineWidth>
<points>
<point x="1004" y="501"/>
<point x="702" y="501"/>
</points>
</Connector>
<Connector class="oracle.dbtools.crest.swingui.relational.TVFKRelation" oid="875CC69E-9988-6D1A-E5E9-89EA4642ABEA" otype="FKIndexAssociation" vid_source="8A28181E-F885-EBBB-63F3-288478850CCD" vid_target="E7F16017-59F6-28C3-BAB9-A5F0ACDD11D6">
<hideElementsInCurrentOnly>false</hideElementsInCurrentOnly>
<backgroundColor>-16777216</backgroundColor>
<lineWidth>1</lineWidth>
<points>
<point x="616" y="220"/>
<point x="528" y="220"/>
</points>
</Connector>
<Connector class="oracle.dbtools.crest.swingui.relational.TVFKRelation" oid="AD197E56-2EF6-58EB-AE0C-2E6207327FD3" otype="FKIndexAssociation" vid_source="F83EB7FC-0EBF-33C3-BB67-553B59F2DA75" vid_target="E7F16017-59F6-28C3-BAB9-A5F0ACDD11D6">
<hideElementsInCurrentOnly>false</hideElementsInCurrentOnly>
<backgroundColor>-16777216</backgroundColor>
<lineWidth>1</lineWidth>
<points>
<point x="744" y="500"/>
<point x="528" y="322"/>
</points>
</Connector>
<Connector class="oracle.dbtools.crest.swingui.relational.TVFKRelation" oid="CA0D0FF9-C5CB-BAB0-2D65-11683C70A762" otype="FKIndexAssociation" vid_source="CF3792F2-69EF-2F32-4DFA-07D8FCACAF8F" vid_target="F83EB7FC-0EBF-33C3-BB67-553B59F2DA75">
<hideElementsInCurrentOnly>false</hideElementsInCurrentOnly>
<backgroundColor>-16777216</backgroundColor>
<lineWidth>1</lineWidth>
<points>
<point x="1004" y="528"/>
<point x="708" y="528"/>
</points>
</Connector>
<Connector class="oracle.dbtools.crest.swingui.relational.TVFKRelation" oid="E64D6432-9715-E0F6-23F6-4CAB07B11132" otype="FKIndexAssociation" vid_source="EC6A5ABF-3277-A9CE-A9E6-89CC0B20E00C" vid_target="E7F16017-59F6-28C3-BAB9-A5F0ACDD11D6">
<hideElementsInCurrentOnly>false</hideElementsInCurrentOnly>
<backgroundColor>-16777216</backgroundColor>
<lineWidth>1</lineWidth>
<points>
<point x="249" y="225"/>
<point x="295" y="225"/>
</points>
</Connector>
<Connector class="oracle.dbtools.crest.swingui.relational.TVFKRelation" oid="F9EC00D3-4433-8CA6-5A4D-703CD095EE73" otype="FKIndexAssociation" vid_source="EC6A5ABF-3277-A9CE-A9E6-89CC0B20E00C" vid_target="EF2AC1D2-A7C4-6697-F4ED-61E8AE12CE11">
<hideElementsInCurrentOnly>false</hideElementsInCurrentOnly>
<backgroundColor>-16777216</backgroundColor>
<lineWidth>1</lineWidth>
<points>
<point x="176" y="303"/>
<point x="176" y="391"/>
</points>
</Connector>
</connectors>
<arcs>
<Arc class="oracle.dbtools.crest.swingui.relational.TVFKArc" oid="F0F1970E-5BD9-B582-396C-FA7638888312" otype="FKArc" vid="F8235DCD-DDB2-3688-B262-3E65D86EC353">
<hideElementsInCurrentOnly>false</hideElementsInCurrentOnly>
<bounds x="672" y="386" width="352" height="254"/>
</Arc>
</arcs>
</Diagram>