<?xml version = '1.0' encoding = 'UTF-8'?>
<Relation class="oracle.dbtools.crest.model.design.logical.Relation" name="Relation_3" directorySegmentName="seg_0" id="0FB59F38-1284-CA30-4A9F-9947DA28566A">
<createdBy>diego</createdBy>
<createdTime>2025-08-25 03:45:46 UTC</createdTime>
<ownerDesignName>Exp1_S2_GRUPO7_VyD</ownerDesignName>
<engineerTo>
<item key="721AB50C-9A59-D67A-ACEA-66DBEA89F0EF" value="true"/>
</engineerTo>
<sourcePk>1A5D1B94-0FDC-E6CA-3A7D-96FB86D2AF19</sourcePk>
<identifying>false</identifying>
<optionalSource>false</optionalSource>
<optionalTarget>false</optionalTarget>
<sourceCardinality>1</sourceCardinality>
<sourceEntity>B2855B37-D533-3E32-792B-67C4AD7959BC</sourceEntity>
<targetCardinalityString>*</targetCardinalityString>
<targetEntity>0BB049ED-A619-F4FA-497E-87C82898EEC9</targetEntity>
<transferable>true</transferable>
<deleteRule>NO ACTION</deleteRule>
</Relation>