<?xml version = '1.0' encoding = 'UTF-8'?>
<Relation class="oracle.dbtools.crest.model.design.logical.Relation" name="Relation_4" directorySegmentName="seg_0" id="5167AB22-714D-75A6-99CD-99F117846C20">
<createdBy>diego</createdBy>
<createdTime>2025-08-25 03:45:58 UTC</createdTime>
<ownerDesignName>Exp1_S2_GRUPO7_VyD</ownerDesignName>
<engineerTo>
<item key="721AB50C-9A59-D67A-ACEA-66DBEA89F0EF" value="true"/>
</engineerTo>
<sourcePk>CEA1D1C7-1AFD-71BF-9D6C-1DF5C5177443</sourcePk>
<identifying>false</identifying>
<optionalSource>true</optionalSource>
<optionalTarget>false</optionalTarget>
<sourceCardinality>1</sourceCardinality>
<sourceEntity>B6F2B251-1F9E-BDC7-51C0-474C12D086BF</sourceEntity>
<targetCardinalityString>*</targetCardinalityString>
<targetEntity>D4335048-F85D-D43D-A99C-0CE17DE3AD8D</targetEntity>
<transferable>true</transferable>
<deleteRule>NO ACTION</deleteRule>
</Relation>