<?xml version = '1.0' encoding = 'UTF-8'?>
<Relation class="oracle.dbtools.crest.model.design.logical.Relation" name="Relation_1" directorySegmentName="seg_0" id="7B88384A-B657-F853-E292-BABB33ECAD89">
<createdBy>diego</createdBy>
<createdTime>2025-08-25 03:45:07 UTC</createdTime>
<ownerDesignName>Exp1_S2_GRUPO7_VyD</ownerDesignName>
<engineerTo>
<item key="721AB50C-9A59-D67A-ACEA-66DBEA89F0EF" value="true"/>
</engineerTo>
<sourcePk>CEA1D1C7-1AFD-71BF-9D6C-1DF5C5177443</sourcePk>
<identifying>false</identifying>
<optionalSource>true</optionalSource>
<optionalTarget>false</optionalTarget>
<sourceCardinality>1</sourceCardinality>
<sourceEntity>B6F2B251-1F9E-BDC7-51C0-474C12D086BF</sourceEntity>
<targetCardinalityString>*</targetCardinalityString>
<targetEntity>AC99DE71-E424-EFF8-9079-19F81AC3824D</targetEntity>
<transferable>true</transferable>
<deleteRule>NO ACTION</deleteRule>
</Relation>