<?xml version = '1.0' encoding = 'UTF-8'?>
<Relation class="oracle.dbtools.crest.model.design.logical.Relation" name="Relation_9" directorySegmentName="seg_0" id="9DD871D8-8B8D-A51F-7077-C4CEDD354940">
<createdBy>diego</createdBy>
<createdTime>2025-08-25 04:29:17 UTC</createdTime>
<ownerDesignName>Exp1_S2_GRUPO7_VyD</ownerDesignName>
<engineerTo>
<item key="721AB50C-9A59-D67A-ACEA-66DBEA89F0EF" value="true"/>
</engineerTo>
<sourcePk>97E9E763-3CF0-17B1-55E9-07D14AE9D801</sourcePk>
<identifying>true</identifying>
<optionalSource>false</optionalSource>
<optionalTarget>false</optionalTarget>
<sourceCardinality>1</sourceCardinality>
<sourceEntity>D3F49356-51E8-5C42-E47D-912F31682C30</sourceEntity>
<targetCardinalityString>*</targetCardinalityString>
<targetEntity>AC99DE71-E424-EFF8-9079-19F81AC3824D</targetEntity>
<transferable>true</transferable>
<deleteRule>NO ACTION</deleteRule>
</Relation>