<?xml version = '1.0' encoding = 'UTF-8'?>
<Relation class="oracle.dbtools.crest.model.design.logical.Relation" name="Relation_2" directorySegmentName="seg_0" id="BEC44ADF-6B57-2033-5551-B7147104A072">
<createdBy>diego</createdBy>
<createdTime>2025-08-25 03:45:34 UTC</createdTime>
<ownerDesignName>Exp1_S2_GRUPO7_VyD</ownerDesignName>
<engineerTo>
<item key="721AB50C-9A59-D67A-ACEA-66DBEA89F0EF" value="true"/>
</engineerTo>
<sourcePk>1B9593D5-3E3E-E620-CC37-62383C319359</sourcePk>
<identifying>false</identifying>
<optionalSource>false</optionalSource>
<optionalTarget>false</optionalTarget>
<sourceCardinality>1</sourceCardinality>
<sourceEntity>0BB049ED-A619-F4FA-497E-87C82898EEC9</sourceEntity>
<targetCardinalityString>*</targetCardinalityString>
<targetEntity>AC99DE71-E424-EFF8-9079-19F81AC3824D</targetEntity>
<transferable>true</transferable>
<deleteRule>NO ACTION</deleteRule>
</Relation>