<?xml version = '1.0' encoding = 'UTF-8'?>
<relationalModel class="oracle.dbtools.crest.model.design.relational.RelationalDesign" name="Relational_1" id="721AB50C-9A59-D67A-ACEA-66DBEA89F0EF" mainViewID="4A6FFFB0-E0B0-BF58-005E-39AA2DAA8883">
<createdBy>diego</createdBy>
<createdTime>2025-08-25 02:52:37 UTC</createdTime>
<ownerDesignName>Exp1_Grupo7_S3</ownerDesignName>
<shouldBeOpen>false</shouldBeOpen>
<selectedRDBMSSite>32076570-2523-435C-2E92-BF29817DFF70</selectedRDBMSSite>
</relationalModel>