<?xml version = '1.0' encoding = 'UTF-8'?>
<Table class="oracle.dbtools.crest.model.design.relational.Table" directorySegmentName="seg_0" id="135FE598-7421-84F7-5F00-A9331D1226D9" name="VUELO">
<createdBy>diego</createdBy>
<createdTime>2025-08-25 04:42:37 UTC</createdTime>
<generatorID>0BB049ED-A619-F4FA-497E-87C82898EEC9</generatorID>
<ownerDesignName>Exp1_S2_GRUPO7_VyD</ownerDesignName>
<allowColumnReorder>false</allowColumnReorder>
<existDependencyGenerateInDDl>true</existDependencyGenerateInDDl>
<parsed>true</parsed>
<columns itemClass="oracle.dbtools.crest.model.design.relational.Column">
<Column name="Num_Vuelo" id="9E659774-9867-4D5D-C014-6AEAA3C04778">
<createdBy>diego</createdBy>
<createdTime>2025-08-25 04:42:37 UTC</createdTime>
<generatorID>C522CB90-C861-88A4-4F99-9E4C4DB0F457</generatorID>
<ownerDesignName>Exp1_S2_GRUPO7_VyD</ownerDesignName>
<useDomainConstraints>false</useDomainConstraints>
<use>1</use>
<logicalDatatype>LOGDT024</logicalDatatype>
<dataTypeSize>50</dataTypeSize>
<ownDataTypeParameters>50,,</ownDataTypeParameters>
<autoIncrementCycle>false</autoIncrementCycle>
</Column>
<Column name="Fecha_Hora_salida" id="98E46378-B436-21E3-E378-C24B5B3A36E2">
<createdBy>diego</createdBy>
<createdTime>2025-08-25 04:42:37 UTC</createdTime>
<generatorID>D591BB01-2414-65C7-69FD-ADE817090C4B</generatorID>
<ownerDesignName>Exp1_S2_GRUPO7_VyD</ownerDesignName>
<useDomainConstraints>false</useDomainConstraints>
<use>1</use>
<logicalDatatype>LOGDT024</logicalDatatype>
<dataTypeSize>50</dataTypeSize>
<ownDataTypeParameters>50,,</ownDataTypeParameters>
<autoIncrementCycle>false</autoIncrementCycle>
</Column>
<Column name="Fecha_llegada_destino" id="90843AC5-4158-E44A-E645-25630B68DEE8">
<createdBy>diego</createdBy>
<createdTime>2025-08-25 04:42:37 UTC</createdTime>
<generatorID>84DE44F5-38F0-5B44-DB35-7D4ABCD97BA5</generatorID>
<ownerDesignName>Exp1_S2_GRUPO7_VyD</ownerDesignName>
<useDomainConstraints>false</useDomainConstraints>
<use>1</use>
<logicalDatatype>LOGDT024</logicalDatatype>
<dataTypeSize>50</dataTypeSize>
<ownDataTypeParameters>50,,</ownDataTypeParameters>
<autoIncrementCycle>false</autoIncrementCycle>
</Column>
<Column name="Ciudad_origen" id="51351276-8C19-A54C-AE5E-A1C28EFBF2E4">
<createdBy>diego</createdBy>
<createdTime>2025-08-25 04:42:37 UTC</createdTime>
<generatorID>37FB804E-E895-5BD5-7B98-EA5A8C46C8E2</generatorID>
<ownerDesignName>Exp1_S2_GRUPO7_VyD</ownerDesignName>
<useDomainConstraints>false</useDomainConstraints>
<use>1</use>
<logicalDatatype>LOGDT024</logicalDatatype>
<dataTypeSize>50</dataTypeSize>
<ownDataTypeParameters>50,,</ownDataTypeParameters>
<autoIncrementCycle>false</autoIncrementCycle>
</Column>
<Column name="Ciudad_destino" id="9C31F7FB-7BCE-7852-1486-E8CCED2F9746">
<createdBy>diego</createdBy>
<createdTime>2025-08-25 04:42:37 UTC</createdTime>
<generatorID>8BCA53DC-8E25-AEA3-E479-55C7748084AD</generatorID>
<ownerDesignName>Exp1_S2_GRUPO7_VyD</ownerDesignName>
<useDomainConstraints>false</useDomainConstraints>
<use>1</use>
<logicalDatatype>LOGDT024</logicalDatatype>
<dataTypeSize>50</dataTypeSize>
<ownDataTypeParameters>50,,</ownDataTypeParameters>
<autoIncrementCycle>false</autoIncrementCycle>
</Column>
<Column name="AVION_Matricula" id="DA16FCC4-6C96-ADA9-7AEE-18C5D1A5F4F7">
<createdBy>diego</createdBy>
<createdTime>2025-08-25 04:42:37 UTC</createdTime>
<generatorID>7F60723C-8868-6EEB-50E8-B1696556CD03</generatorID>
<ownerDesignName>Exp1_S2_GRUPO7_VyD</ownerDesignName>
<useDomainConstraints>false</useDomainConstraints>
<use>1</use>
<logicalDatatype>LOGDT024</logicalDatatype>
<dataTypeSize>10</dataTypeSize>
<ownDataTypeParameters>,,</ownDataTypeParameters>
<previousColumn>false</previousColumn>
<autoIncrementCycle>false</autoIncrementCycle>
<associations>
<colAssociation fkAssociation="09326880-1438-B2A6-594E-EDFD9FE98FAE" referredColumn="D079EA20-2E0D-36AC-E0C5-B8614BAD3C2A"/>
</associations>
</Column>
</columns>
<indexes itemClass="oracle.dbtools.crest.model.design.relational.Index">
<ind_PK_UK id="943BFDC6-F39A-6B2D-7E53-575F8EDD2BEF" name="VUELO_PK">
<createdBy>diego</createdBy>
<createdTime>2025-08-25 04:42:37 UTC</createdTime>
<generatorID>1B9593D5-3E3E-E620-CC37-62383C319359</generatorID>
<ownerDesignName>Exp1_S2_GRUPO7_VyD</ownerDesignName>
<pk>true</pk>
<indexState>Primary Constraint</indexState>
<isSurrogateKey>false</isSurrogateKey>
<indexColumnUsage>
<colUsage columnID="9E659774-9867-4D5D-C014-6AEAA3C04778"/>
</indexColumnUsage>
</ind_PK_UK>
<ind_PK_UK id="033D7EB1-B1FF-F4A7-62F8-D1643E722A3D" name="VUELO_AVION_FK">
<createdBy>diego</createdBy>
<createdTime>2025-08-25 04:42:37 UTC</createdTime>
<generatorID>0FB59F38-1284-CA30-4A9F-9947DA28566A</generatorID>
<ownerDesignName>Exp1_S2_GRUPO7_VyD</ownerDesignName>
<indexState>Foreign Key</indexState>
<isSurrogateKey>false</isSurrogateKey>
<indexColumnUsage>
<colUsage columnID="DA16FCC4-6C96-ADA9-7AEE-18C5D1A5F4F7"/>
</indexColumnUsage>
</ind_PK_UK>
</indexes>
</Table>