<?xml version = '1.0' encoding = 'UTF-8'?>
<Table class="oracle.dbtools.crest.model.design.relational.Table" directorySegmentName="seg_0" id="263A1553-F1C7-4C58-2FD0-CD2819EED59D" name="PILOTO">
<createdBy>diego</createdBy>
<createdTime>2025-08-25 04:42:37 UTC</createdTime>
<generatorID>8663CDB7-A071-ED06-EA3B-E6F5A925D31A</generatorID>
<ownerDesignName>Exp1_S2_GRUPO7_VyD</ownerDesignName>
<allowColumnReorder>false</allowColumnReorder>
<existDependencyGenerateInDDl>true</existDependencyGenerateInDDl>
<parsed>true</parsed>
<columns itemClass="oracle.dbtools.crest.model.design.relational.Column">
<Column name="ID_Empleado" id="9F8813F0-1873-B5D4-8451-C981E22FC68F">
<createdBy>diego</createdBy>
<createdTime>2025-08-25 04:42:37 UTC</createdTime>
<generatorID>E4AA1E86-AABA-4C9A-68D5-9B13492D975D</generatorID>
<ownerDesignName>Exp1_S2_GRUPO7_VyD</ownerDesignName>
<useDomainConstraints>false</useDomainConstraints>
<use>1</use>
<logicalDatatype>LOGDT024</logicalDatatype>
<dataTypeSize>50</dataTypeSize>
<ownDataTypeParameters>,,</ownDataTypeParameters>
<autoIncrementCycle>false</autoIncrementCycle>
<associations>
<colAssociation fkAssociation="6C135C7A-FD42-199D-3289-8E4CDDE9A4DE" referredColumn="3DCD3F5D-2C34-BCF3-7401-84A19D58E1FC"/>
</associations>
</Column>
<Column name="Horas_Vuelo_Acumuladas" id="457567B7-3F73-7B6B-6E0D-4A47FE2FE60F">
<createdBy>diego</createdBy>
<createdTime>2025-08-25 04:42:37 UTC</createdTime>
<generatorID>658DDDB2-714D-9E71-D57B-7ED665472E66</generatorID>
<ownerDesignName>Exp1_S2_GRUPO7_VyD</ownerDesignName>
<useDomainConstraints>false</useDomainConstraints>
<use>1</use>
<logicalDatatype>LOGDT024</logicalDatatype>
<dataTypeSize>50</dataTypeSize>
<ownDataTypeParameters>50,,</ownDataTypeParameters>
<autoIncrementCycle>false</autoIncrementCycle>
</Column>
<Column name="AFP" id="1B578018-181F-22CF-8504-DF9BA72944FD">
<createdBy>diego</createdBy>
<createdTime>2025-08-25 04:42:37 UTC</createdTime>
<generatorID>31D645A2-C6CF-CB8D-ABC3-18AE1AB9EAC5</generatorID>
<ownerDesignName>Exp1_S2_GRUPO7_VyD</ownerDesignName>
<useDomainConstraints>false</useDomainConstraints>
<use>1</use>
<logicalDatatype>LOGDT024</logicalDatatype>
<dataTypeSize>50</dataTypeSize>
<ownDataTypeParameters>50,,</ownDataTypeParameters>
<autoIncrementCycle>false</autoIncrementCycle>
</Column>
</columns>
<indexes itemClass="oracle.dbtools.crest.model.design.relational.Index">
<ind_PK_UK id="4E6665D5-644D-E9E6-78C1-2F993FB79F64" name="PILOTO_PK">
<createdBy>diego</createdBy>
<createdTime>2025-08-25 04:42:37 UTC</createdTime>
<generatorID>97E9E763-3CF0-17B1-55E9-07D14AE9D801</generatorID>
<ownerDesignName>Exp1_S2_GRUPO7_VyD</ownerDesignName>
<pk>true</pk>
<indexState>Primary Constraint</indexState>
<isSurrogateKey>false</isSurrogateKey>
<indexColumnUsage>
<colUsage columnID="9F8813F0-1873-B5D4-8451-C981E22FC68F"/>
</indexColumnUsage>
</ind_PK_UK>
<ind_PK_UK id="66B48B62-AA21-6620-3481-41015773FD19" name="PILOTO_PKv1">
<createdBy>diego</createdBy>
<createdTime>2025-08-25 04:42:37 UTC</createdTime>
<generatorID>4414F1D3-CE9F-40E2-8C39-4A25DD41BEF2</generatorID>
<ownerDesignName>Exp1_S2_GRUPO7_VyD</ownerDesignName>
<indexState>Unique Constraint</indexState>
<isSurrogateKey>false</isSurrogateKey>
<indexColumnUsage>
<colUsage columnID="457567B7-3F73-7B6B-6E0D-4A47FE2FE60F"/>
</indexColumnUsage>
</ind_PK_UK>
<ind_PK_UK id="F981EE3A-84F3-20E4-5A76-2427B82B4DDF" name="PILOTO_EMPLEADO_FK">
<createdBy>diego</createdBy>
<createdTime>2025-08-25 04:42:37 UTC</createdTime>
<generatorID>BD4CAFE0-0DE9-9342-1B97-13BCA71AE340</generatorID>
<ownerDesignName>Exp1_S2_GRUPO7_VyD</ownerDesignName>
<indexState>Foreign Key</indexState>
<isSurrogateKey>false</isSurrogateKey>
<indexColumnUsage>
<colUsage columnID="9F8813F0-1873-B5D4-8451-C981E22FC68F"/>
</indexColumnUsage>
</ind_PK_UK>
</indexes>
</Table>