<?xml version = '1.0' encoding = 'UTF-8'?>
<Table class="oracle.dbtools.crest.model.design.relational.Table" directorySegmentName="seg_0" id="2C86D221-80F2-1BDA-62D0-B6256A0EE200" name="RESERVA">
<createdBy>diego</createdBy>
<createdTime>2025-08-25 04:42:37 UTC</createdTime>
<generatorID>AC99DE71-E424-EFF8-9079-19F81AC3824D</generatorID>
<ownerDesignName>Exp1_S2_GRUPO7_VyD</ownerDesignName>
<allowColumnReorder>false</allowColumnReorder>
<existDependencyGenerateInDDl>true</existDependencyGenerateInDDl>
<parsed>true</parsed>
<columns itemClass="oracle.dbtools.crest.model.design.relational.Column">
<Column name="Num_Reserva" id="20DD3A34-844B-CCB6-03B9-9C8D5A453026">
<createdBy>diego</createdBy>
<createdTime>2025-08-25 04:42:37 UTC</createdTime>
<generatorID>488797B0-6179-EF27-DA38-0C0C1E193D97</generatorID>
<ownerDesignName>Exp1_S2_GRUPO7_VyD</ownerDesignName>
<useDomainConstraints>false</useDomainConstraints>
<use>1</use>
<logicalDatatype>LOGDT019</logicalDatatype>
<dataTypePrecision>20</dataTypePrecision>
<ownDataTypeParameters>,20,</ownDataTypeParameters>
<autoIncrementCycle>false</autoIncrementCycle>
</Column>
<Column name="Fecha_Reserva" id="0D1B7674-57C0-2CFD-7714-CCDDAB8CCF77">
<createdBy>diego</createdBy>
<createdTime>2025-08-25 04:42:37 UTC</createdTime>
<generatorID>75C00363-9746-1A6B-92C0-62C84E1158D5</generatorID>
<ownerDesignName>Exp1_S2_GRUPO7_VyD</ownerDesignName>
<useDomainConstraints>false</useDomainConstraints>
<use>1</use>
<logicalDatatype>LOGDT024</logicalDatatype>
<dataTypeSize>50</dataTypeSize>
<ownDataTypeParameters>50,,</ownDataTypeParameters>
<autoIncrementCycle>false</autoIncrementCycle>
</Column>
<Column name="Fecha_Viaje" id="153173E2-B97D-7858-9F52-3B83A301EFE7">
<createdBy>diego</createdBy>
<createdTime>2025-08-25 04:42:37 UTC</createdTime>
<generatorID>9ED2411E-0718-F087-090E-3C03EA4C9B82</generatorID>
<ownerDesignName>Exp1_S2_GRUPO7_VyD</ownerDesignName>
<useDomainConstraints>false</useDomainConstraints>
<use>1</use>
<logicalDatatype>LOGDT007</logicalDatatype>
<ownDataTypeParameters>,,</ownDataTypeParameters>
<autoIncrementCycle>false</autoIncrementCycle>
</Column>
<Column name="Estado" id="C0C31B6B-90AE-ACA8-96ED-DDD51605A27C">
<createdBy>diego</createdBy>
<createdTime>2025-08-25 04:42:37 UTC</createdTime>
<generatorID>6EECD983-0FF2-94A7-A9E3-F9B984B87BB5</generatorID>
<ownerDesignName>Exp1_S2_GRUPO7_VyD</ownerDesignName>
<useDomainConstraints>false</useDomainConstraints>
<use>1</use>
<logicalDatatype>LOGDT024</logicalDatatype>
<dataTypeSize>50</dataTypeSize>
<ownDataTypeParameters>50,,</ownDataTypeParameters>
<autoIncrementCycle>false</autoIncrementCycle>
</Column>
<Column name="PASAJERO_ID_Pasajero" id="DE0280A1-4C40-8EBD-D026-E7DBEE8FC549">
<createdBy>diego</createdBy>
<createdTime>2025-08-25 04:42:37 UTC</createdTime>
<generatorID>22D9A78A-91AB-5F44-F61B-8F9AEB1C4E36</generatorID>
<ownerDesignName>Exp1_S2_GRUPO7_VyD</ownerDesignName>
<useDomainConstraints>false</useDomainConstraints>
<use>1</use>
<logicalDatatype>LOGDT019</logicalDatatype>
<dataTypePrecision>20</dataTypePrecision>
<ownDataTypeParameters>,,</ownDataTypeParameters>
<previousColumn>false</previousColumn>
<autoIncrementCycle>false</autoIncrementCycle>
<associations>
<colAssociation fkAssociation="E64D6432-9715-E0F6-23F6-4CAB07B11132" referredColumn="186F992A-966E-CF0D-8468-447E3058841B"/>
</associations>
</Column>
<Column name="VUELO_Num_Vuelo" id="87D5BDE7-EEE0-A897-7DFD-BA8FB929F226">
<createdBy>diego</createdBy>
<createdTime>2025-08-25 04:42:37 UTC</createdTime>
<generatorID>3EDB4FBD-834A-CEE5-ED1D-6694BDC9E32C</generatorID>
<ownerDesignName>Exp1_S2_GRUPO7_VyD</ownerDesignName>
<useDomainConstraints>false</useDomainConstraints>
<use>1</use>
<logicalDatatype>LOGDT024</logicalDatatype>
<dataTypeSize>50</dataTypeSize>
<ownDataTypeParameters>,,</ownDataTypeParameters>
<previousColumn>false</previousColumn>
<autoIncrementCycle>false</autoIncrementCycle>
<associations>
<colAssociation fkAssociation="875CC69E-9988-6D1A-E5E9-89EA4642ABEA" referredColumn="9E659774-9867-4D5D-C014-6AEAA3C04778"/>
</associations>
</Column>
</columns>
<indexes itemClass="oracle.dbtools.crest.model.design.relational.Index">
<ind_PK_UK id="B84597A6-4FBC-6275-7060-9C96E95996BB" name="RESERVA_PK">
<createdBy>diego</createdBy>
<createdTime>2025-08-25 04:42:37 UTC</createdTime>
<generatorID>63B6C356-A22D-1D4B-0E19-7D6634860071</generatorID>
<ownerDesignName>Exp1_S2_GRUPO7_VyD</ownerDesignName>
<pk>true</pk>
<indexState>Primary Constraint</indexState>
<isSurrogateKey>false</isSurrogateKey>
<indexColumnUsage>
<colUsage columnID="20DD3A34-844B-CCB6-03B9-9C8D5A453026"/>
</indexColumnUsage>
</ind_PK_UK>
<ind_PK_UK id="C0012C74-8047-C8C2-FBE8-9B3309D7B1EE" name="RESERVA_PASAJERO_FK">
<createdBy>diego</createdBy>
<createdTime>2025-08-25 04:42:37 UTC</createdTime>
<generatorID>7B88384A-B657-F853-E292-BABB33ECAD89</generatorID>
<ownerDesignName>Exp1_S2_GRUPO7_VyD</ownerDesignName>
<indexState>Foreign Key</indexState>
<isSurrogateKey>false</isSurrogateKey>
<indexColumnUsage>
<colUsage columnID="DE0280A1-4C40-8EBD-D026-E7DBEE8FC549"/>
</indexColumnUsage>
</ind_PK_UK>
<ind_PK_UK id="A63B0900-8DE4-A27F-44E9-5B4ACE7EA83A" name="RESERVA_VUELO_FK">
<createdBy>diego</createdBy>
<createdTime>2025-08-25 04:42:37 UTC</createdTime>
<generatorID>BEC44ADF-6B57-2033-5551-B7147104A072</generatorID>
<ownerDesignName>Exp1_S2_GRUPO7_VyD</ownerDesignName>
<indexState>Foreign Key</indexState>
<isSurrogateKey>false</isSurrogateKey>
<indexColumnUsage>
<colUsage columnID="87D5BDE7-EEE0-A897-7DFD-BA8FB929F226"/>
</indexColumnUsage>
</ind_PK_UK>
<ind_PK_UK id="7355EBAE-C757-BE1C-7B09-621991CC5AFF" name="RESERVA_ADMINISTRATIVO_FK">
<createdBy>diego</createdBy>
<createdTime>2025-08-25 04:42:37 UTC</createdTime>
<generatorID>9DD871D8-8B8D-A51F-7077-C4CEDD354940</generatorID>
<ownerDesignName>Exp1_S2_GRUPO7_VyD</ownerDesignName>
<indexState>Foreign Key</indexState>
<isSurrogateKey>false</isSurrogateKey>
</ind_PK_UK>
</indexes>
<tableCheckConstraints itemClass="oracle.dbtools.crest.model.design.constraint.TableLevelConstraint">
<tableCheckConstraint name="RESERVA_ESADO_CK" directorySegmentName="seg_0" id="0B1E5C6F-1AC5-9327-849C-EB8D67756D07">
<createdBy>diego</createdBy>
<createdTime>2025-08-25 05:33:11 UTC</createdTime>
<ownerDesignName>Exp1_Grupo7_S3</ownerDesignName>
<rule><![CDATA[Estado IN ('CONFIRMADA','NULA')
]]></rule>
</tableCheckConstraint>
</tableCheckConstraints>
</Table>