<?xml version = '1.0' encoding = 'UTF-8'?>
<Table class="oracle.dbtools.crest.model.design.relational.Table" directorySegmentName="seg_0" id="8597B501-21B3-EF12-5E97-AEB3367AE6FF" name="EQUIPAJE">
<createdBy>diego</createdBy>
<createdTime>2025-08-25 04:42:37 UTC</createdTime>
<generatorID>D4335048-F85D-D43D-A99C-0CE17DE3AD8D</generatorID>
<ownerDesignName>Exp1_S2_GRUPO7_VyD</ownerDesignName>
<allowColumnReorder>false</allowColumnReorder>
<existDependencyGenerateInDDl>true</existDependencyGenerateInDDl>
<parsed>true</parsed>
<columns itemClass="oracle.dbtools.crest.model.design.relational.Column">
<Column name="Cod_Equipaje" id="4F534603-25BF-09A2-578C-ABB85AE3E3F4">
<createdBy>diego</createdBy>
<createdTime>2025-08-25 04:42:37 UTC</createdTime>
<generatorID>81FB69BA-73D3-8B29-9D5F-8D475688F7DD</generatorID>
<ownerDesignName>Exp1_S2_GRUPO7_VyD</ownerDesignName>
<useDomainConstraints>false</useDomainConstraints>
<use>1</use>
<logicalDatatype>LOGDT024</logicalDatatype>
<dataTypeSize>50</dataTypeSize>
<ownDataTypeParameters>50,,</ownDataTypeParameters>
<autoIncrementCycle>false</autoIncrementCycle>
</Column>
<Column name="color" id="872C9381-0C98-DB6A-7725-9ED76070E6AD">
<createdBy>diego</createdBy>
<createdTime>2025-08-25 04:42:37 UTC</createdTime>
<generatorID>49B1F3A3-5BBB-87CB-6976-DB6D7663EC0C</generatorID>
<ownerDesignName>Exp1_S2_GRUPO7_VyD</ownerDesignName>
<useDomainConstraints>false</useDomainConstraints>
<use>1</use>
<logicalDatatype>LOGDT024</logicalDatatype>
<dataTypeSize>20</dataTypeSize>
<ownDataTypeParameters>20,,</ownDataTypeParameters>
<autoIncrementCycle>false</autoIncrementCycle>
</Column>
<Column name="Descripcion" id="6544F449-4F69-3F3B-7E6C-9BB1EF01E20B">
<createdBy>diego</createdBy>
<createdTime>2025-08-25 04:42:37 UTC</createdTime>
<generatorID>6E2E68D2-4A12-EE3E-C71C-C9C9C401FE6A</generatorID>
<ownerDesignName>Exp1_S2_GRUPO7_VyD</ownerDesignName>
<nullsAllowed>true</nullsAllowed>
<useDomainConstraints>false</useDomainConstraints>
<use>1</use>
<logicalDatatype>LOGDT024</logicalDatatype>
<dataTypeSize>200</dataTypeSize>
<ownDataTypeParameters>200,,</ownDataTypeParameters>
<autoIncrementCycle>false</autoIncrementCycle>
</Column>
<Column name="PASAJERO_ID_Pasajero" id="3243E0DA-C2DC-8E7E-5174-1A04895299E5">
<createdBy>diego</createdBy>
<createdTime>2025-08-25 04:42:37 UTC</createdTime>
<generatorID>C742B428-A98B-FFD0-4766-0263BCED60C3</generatorID>
<ownerDesignName>Exp1_S2_GRUPO7_VyD</ownerDesignName>
<useDomainConstraints>false</useDomainConstraints>
<use>1</use>
<logicalDatatype>LOGDT019</logicalDatatype>
<dataTypePrecision>20</dataTypePrecision>
<ownDataTypeParameters>,,</ownDataTypeParameters>
<previousColumn>false</previousColumn>
<autoIncrementCycle>false</autoIncrementCycle>
<associations>
<colAssociation fkAssociation="F9EC00D3-4433-8CA6-5A4D-703CD095EE73" referredColumn="186F992A-966E-CF0D-8468-447E3058841B"/>
</associations>
</Column>
<Column name="Peso_kg" id="4C883D22-67BF-146A-C63F-57C8B7BA9D76">
<createdBy>diego</createdBy>
<createdTime>2025-08-25 05:05:58 UTC</createdTime>
<ownerDesignName>Exp1_S2_GRUPO7_VyD</ownerDesignName>
<nullsAllowed>true</nullsAllowed>
<useDomainConstraints>false</useDomainConstraints>
<use>1</use>
<logicalDatatype>LOGDT019</logicalDatatype>
<dataTypePrecision>5</dataTypePrecision>
<dataTypeScale>2</dataTypeScale>
<ownDataTypeParameters>,5,2</ownDataTypeParameters>
<autoIncrementCycle>false</autoIncrementCycle>
</Column>
</columns>
<indexes itemClass="oracle.dbtools.crest.model.design.relational.Index">
<ind_PK_UK id="92E572A2-9035-0E53-523A-6B98D58BDFDF" name="EQUIPAJE_PK">
<createdBy>diego</createdBy>
<createdTime>2025-08-25 04:42:37 UTC</createdTime>
<generatorID>28CF358C-ADD2-54CB-7997-979ABF17A6EE</generatorID>
<ownerDesignName>Exp1_S2_GRUPO7_VyD</ownerDesignName>
<pk>true</pk>
<indexState>Primary Constraint</indexState>
<isSurrogateKey>false</isSurrogateKey>
<indexColumnUsage>
<colUsage columnID="4F534603-25BF-09A2-578C-ABB85AE3E3F4"/>
<colUsage columnID="3243E0DA-C2DC-8E7E-5174-1A04895299E5"/>
</indexColumnUsage>
</ind_PK_UK>
<ind_PK_UK id="D10A4B58-0378-31E3-1036-E9DAA9D8E544" name="EQUIPAJE_Cod_Equipaje_UN">
<createdBy>diego</createdBy>
<createdTime>2025-08-25 04:42:37 UTC</createdTime>
<generatorID>B8626A4E-B5E9-3757-8DF5-9D5FD359F972</generatorID>
<ownerDesignName>Exp1_S2_GRUPO7_VyD</ownerDesignName>
<indexState>Unique Constraint</indexState>
<isSurrogateKey>false</isSurrogateKey>
<indexColumnUsage>
<colUsage columnID="4F534603-25BF-09A2-578C-ABB85AE3E3F4"/>
</indexColumnUsage>
</ind_PK_UK>
<ind_PK_UK id="8E9611D7-28C3-2F38-C559-DE8CDBCB0560" name="EQUIPAJE_PASAJERO_FK">
<createdBy>diego</createdBy>
<createdTime>2025-08-25 04:42:37 UTC</createdTime>
<generatorID>5167AB22-714D-75A6-99CD-99F117846C20</generatorID>
<ownerDesignName>Exp1_S2_GRUPO7_VyD</ownerDesignName>
<indexState>Foreign Key</indexState>
<isSurrogateKey>false</isSurrogateKey>
<indexColumnUsage>
<colUsage columnID="3243E0DA-C2DC-8E7E-5174-1A04895299E5"/>
</indexColumnUsage>
</ind_PK_UK>
</indexes>
<tableCheckConstraints itemClass="oracle.dbtools.crest.model.design.constraint.TableLevelConstraint">
<tableCheckConstraint name="EQUIPAJE_PESO_CK" directorySegmentName="seg_0" id="DFAFC5AB-4E72-BE44-CF18-F31A54226800">
<createdBy>diego</createdBy>
<createdTime>2025-08-25 05:34:41 UTC</createdTime>
<ownerDesignName>Exp1_Grupo7_S3</ownerDesignName>
<rule><![CDATA[Peso_kg > 0
]]></rule>
</tableCheckConstraint>
</tableCheckConstraints>
</Table>