<?xml version = '1.0' encoding = 'UTF-8'?>
<Table class="oracle.dbtools.crest.model.design.relational.Table" directorySegmentName="seg_0" id="B69AFEB0-31B9-377A-221A-4284F772294C" name="ADMINISTRATIVO">
<createdBy>diego</createdBy>
<createdTime>2025-08-25 04:42:37 UTC</createdTime>
<generatorID>D3F49356-51E8-5C42-E47D-912F31682C30</generatorID>
<ownerDesignName>Exp1_S2_GRUPO7_VyD</ownerDesignName>
<allowColumnReorder>false</allowColumnReorder>
<existDependencyGenerateInDDl>true</existDependencyGenerateInDDl>
<parsed>true</parsed>
<columns itemClass="oracle.dbtools.crest.model.design.relational.Column">
<Column name="ID_Empleado" id="2D68389C-B98A-87B6-F1CA-BFA7049F2600">
<createdBy>diego</createdBy>
<createdTime>2025-08-25 04:42:37 UTC</createdTime>
<generatorID>E4AA1E86-AABA-4C9A-68D5-9B13492D975D</generatorID>
<ownerDesignName>Exp1_S2_GRUPO7_VyD</ownerDesignName>
<useDomainConstraints>false</useDomainConstraints>
<use>1</use>
<logicalDatatype>LOGDT024</logicalDatatype>
<dataTypeSize>50</dataTypeSize>
<ownDataTypeParameters>,,</ownDataTypeParameters>
<autoIncrementCycle>false</autoIncrementCycle>
<associations>
<colAssociation fkAssociation="CA0D0FF9-C5CB-BAB0-2D65-11683C70A762" referredColumn="3DCD3F5D-2C34-BCF3-7401-84A19D58E1FC"/>
</associations>
</Column>
<Column name="Horas_Extras" id="181FC834-5ABD-43D5-C29A-FB56A64B322F">
<createdBy>diego</createdBy>
<createdTime>2025-08-25 04:42:37 UTC</createdTime>
<generatorID>2F2B738D-6CB1-D1F6-1F43-CBDBA52C89FE</generatorID>
<ownerDesignName>Exp1_S2_GRUPO7_VyD</ownerDesignName>
<useDomainConstraints>false</useDomainConstraints>
<use>1</use>
<logicalDatatype>LOGDT024</logicalDatatype>
<dataTypeSize>50</dataTypeSize>
<ownDataTypeParameters>50,,</ownDataTypeParameters>
<autoIncrementCycle>false</autoIncrementCycle>
</Column>
<Column name="AFP" id="261F083A-2BC1-9DA6-D227-392FEB379BCA">
<createdBy>diego</createdBy>
<createdTime>2025-08-25 04:42:37 UTC</createdTime>
<generatorID>C8735ECC-19D8-F283-163D-334E79A41D34</generatorID>
<ownerDesignName>Exp1_S2_GRUPO7_VyD</ownerDesignName>
<useDomainConstraints>false</useDomainConstraints>
<use>1</use>
<logicalDatatype>LOGDT024</logicalDatatype>
<dataTypeSize>50</dataTypeSize>
<ownDataTypeParameters>50,,</ownDataTypeParameters>
<autoIncrementCycle>false</autoIncrementCycle>
</Column>
</columns>
<indexes itemClass="oracle.dbtools.crest.model.design.relational.Index">
<ind_PK_UK id="E8A8FE0D-82B8-3229-5024-00DF2677040A" name="ADMINISTRATIVO_PK">
<createdBy>diego</createdBy>
<createdTime>2025-08-25 04:42:37 UTC</createdTime>
<generatorID>97E9E763-3CF0-17B1-55E9-07D14AE9D801</generatorID>
<ownerDesignName>Exp1_S2_GRUPO7_VyD</ownerDesignName>
<pk>true</pk>
<indexState>Primary Constraint</indexState>
<isSurrogateKey>false</isSurrogateKey>
<indexColumnUsage>
<colUsage columnID="2D68389C-B98A-87B6-F1CA-BFA7049F2600"/>
</indexColumnUsage>
</ind_PK_UK>
<ind_PK_UK id="AD240771-4357-DC1B-D49B-1F622FC0674B" name="ADMINISTRATIVO_PKv1">
<createdBy>diego</createdBy>
<createdTime>2025-08-25 04:42:37 UTC</createdTime>
<generatorID>98FFA858-163A-CEA6-C48F-6FD80F86F96A</generatorID>
<ownerDesignName>Exp1_S2_GRUPO7_VyD</ownerDesignName>
<indexState>Unique Constraint</indexState>
<isSurrogateKey>false</isSurrogateKey>
</ind_PK_UK>
<ind_PK_UK id="2C51D215-76F5-FFB4-A9CE-92B4764CFB9D" name="ADMINISTRATIVO_EMPLEADO_FK">
<createdBy>diego</createdBy>
<createdTime>2025-08-25 04:42:37 UTC</createdTime>
<generatorID>94400023-D13F-942B-0E86-D5BB4222BE4E</generatorID>
<ownerDesignName>Exp1_S2_GRUPO7_VyD</ownerDesignName>
<indexState>Foreign Key</indexState>
<isSurrogateKey>false</isSurrogateKey>
<indexColumnUsage>
<colUsage columnID="2D68389C-B98A-87B6-F1CA-BFA7049F2600"/>
</indexColumnUsage>
</ind_PK_UK>
</indexes>
</Table>