<?xml version = '1.0' encoding = 'UTF-8'?>
<Table class="oracle.dbtools.crest.model.design.relational.Table" directorySegmentName="seg_0" id="CF56FE1F-9C4C-E366-25B7-886063008240" name="AVION">
<createdBy>diego</createdBy>
<createdTime>2025-08-25 04:42:37 UTC</createdTime>
<generatorID>B2855B37-D533-3E32-792B-67C4AD7959BC</generatorID>
<ownerDesignName>Exp1_S2_GRUPO7_VyD</ownerDesignName>
<allowColumnReorder>false</allowColumnReorder>
<existDependencyGenerateInDDl>true</existDependencyGenerateInDDl>
<parsed>true</parsed>
<columns itemClass="oracle.dbtools.crest.model.design.relational.Column">
<Column name="Matricula" id="D079EA20-2E0D-36AC-E0C5-B8614BAD3C2A">
<createdBy>diego</createdBy>
<createdTime>2025-08-25 04:42:37 UTC</createdTime>
<generatorID>41FC10BE-389D-4DA5-FCC6-34E1469EEE6F</generatorID>
<ownerDesignName>Exp1_S2_GRUPO7_VyD</ownerDesignName>
<useDomainConstraints>false</useDomainConstraints>
<use>1</use>
<logicalDatatype>LOGDT024</logicalDatatype>
<dataTypeSize>10</dataTypeSize>
<ownDataTypeParameters>10,,</ownDataTypeParameters>
<autoIncrementCycle>false</autoIncrementCycle>
</Column>
<Column name="Marca" id="72FB0B22-1BBF-1704-3C61-5A0A6E7645B3">
<createdBy>diego</createdBy>
<createdTime>2025-08-25 04:42:37 UTC</createdTime>
<generatorID>D45D243C-7DC7-C58A-9D63-00B6F16F5757</generatorID>
<ownerDesignName>Exp1_S2_GRUPO7_VyD</ownerDesignName>
<useDomainConstraints>false</useDomainConstraints>
<use>1</use>
<logicalDatatype>LOGDT024</logicalDatatype>
<dataTypeSize>50</dataTypeSize>
<ownDataTypeParameters>50,,</ownDataTypeParameters>
<autoIncrementCycle>false</autoIncrementCycle>
</Column>
<Column name="Modelo" id="08E0096F-F1D2-62A5-41C6-CBA92C393A25">
<createdBy>diego</createdBy>
<createdTime>2025-08-25 04:42:37 UTC</createdTime>
<generatorID>54704AA0-FE75-637F-3FB2-4171CDBC1156</generatorID>
<ownerDesignName>Exp1_S2_GRUPO7_VyD</ownerDesignName>
<useDomainConstraints>false</useDomainConstraints>
<use>1</use>
<logicalDatatype>LOGDT024</logicalDatatype>
<dataTypeSize>50</dataTypeSize>
<ownDataTypeParameters>50,,</ownDataTypeParameters>
<autoIncrementCycle>false</autoIncrementCycle>
</Column>
<Column name="Capacidad" id="ECE66D1C-7CA3-38AF-1473-BF82D6B2335D">
<createdBy>diego</createdBy>
<createdTime>2025-08-25 04:42:37 UTC</createdTime>
<generatorID>8BD46D7C-66F8-6ED5-CE30-A624EF22C6F0</generatorID>
<ownerDesignName>Exp1_S2_GRUPO7_VyD</ownerDesignName>
<useDomainConstraints>false</useDomainConstraints>
<use>1</use>
<logicalDatatype>LOGDT019</logicalDatatype>
<dataTypePrecision>3</dataTypePrecision>
<ownDataTypeParameters>,3,</ownDataTypeParameters>
<autoIncrementCycle>false</autoIncrementCycle>
</Column>
</columns>
<indexes itemClass="oracle.dbtools.crest.model.design.relational.Index">
<ind_PK_UK id="028249B1-81CC-49B5-8B4C-AEA8C2DFCCC5" name="AVION_PK">
<createdBy>diego</createdBy>
<createdTime>2025-08-25 04:42:37 UTC</createdTime>
<generatorID>1A5D1B94-0FDC-E6CA-3A7D-96FB86D2AF19</generatorID>
<ownerDesignName>Exp1_S2_GRUPO7_VyD</ownerDesignName>
<pk>true</pk>
<indexState>Primary Constraint</indexState>
<isSurrogateKey>false</isSurrogateKey>
<indexColumnUsage>
<colUsage columnID="D079EA20-2E0D-36AC-E0C5-B8614BAD3C2A"/>
</indexColumnUsage>
</ind_PK_UK>
</indexes>
<tableCheckConstraints itemClass="oracle.dbtools.crest.model.design.constraint.TableLevelConstraint">
<tableCheckConstraint name="AVION_CAPACIDAD_CK" directorySegmentName="seg_0" id="BB70F784-FBE7-331C-0178-1C854645FD11">
<createdBy>diego</createdBy>
<createdTime>2025-08-25 05:28:38 UTC</createdTime>
<ownerDesignName>Exp1_Grupo7_S3</ownerDesignName>
<rule><![CDATA[Capacidad BETWEEN 200 AND 800]]></rule>
</tableCheckConstraint>
</tableCheckConstraints>
</Table>