<?xml version = '1.0' encoding = 'UTF-8'?>
<Relation class="oracle.dbtools.crest.model.design.logical.InheritanceRelation" name="Hierarchy_2" directorySegmentName="seg_0" id="94400023-D13F-942B-0E86-D5BB4222BE4E">
<createdBy>diego</createdBy>
<createdTime>2025-08-25 04:24:44 UTC</createdTime>
<ownerDesignName>Exp1_Grupo7_S3</ownerDesignName>
<engineerTo>
<item key="721AB50C-9A59-D67A-ACEA-66DBEA89F0EF" value="true"/>
</engineerTo>
<identifying>false</identifying>
<nameOnSource>Super Type</nameOnSource>
<nameOnTarget>Sub Type</nameOnTarget>
<optionalSource>true</optionalSource>
<optionalTarget>true</optionalTarget>
<sourceEntity>496D43FD-71CC-2091-CAD2-50964523C99C</sourceEntity>
<targetEntity>D3F49356-51E8-5C42-E47D-912F31682C30</targetEntity>
<transferable>true</transferable>
<deleteRule>NO ACTION</deleteRule>
</Relation>