<?xml version = '1.0' encoding = 'UTF-8'?>
<Relation class="oracle.dbtools.crest.model.design.logical.InheritanceRelation" name="Hierarchy_1" directorySegmentName="seg_0" id="BD4CAFE0-0DE9-9342-1B97-13BCA71AE340">
<createdBy>diego</createdBy>
<createdTime>2025-08-25 04:23:23 UTC</createdTime>
<ownerDesignName>Exp1_Grupo7_S3</ownerDesignName>
<engineerTo>
<item key="721AB50C-9A59-D67A-ACEA-66DBEA89F0EF" value="true"/>
</engineerTo>
<identifying>false</identifying>
<nameOnSource>Super Type</nameOnSource>
<nameOnTarget>Sub Type</nameOnTarget>
<optionalSource>true</optionalSource>
<optionalTarget>true</optionalTarget>
<sourceEntity>496D43FD-71CC-2091-CAD2-50964523C99C</sourceEntity>
<targetEntity>8663CDB7-A071-ED06-EA3B-E6F5A925D31A</targetEntity>
<transferable>true</transferable>
<deleteRule>NO ACTION</deleteRule>
</Relation>