<?xml version = '1.0' encoding = 'UTF-8'?>
<FKIndexAssociation class="oracle.dbtools.crest.model.design.relational.FKIndexAssociation" directorySegmentName="seg_0" id="09326880-1438-B2A6-594E-EDFD9FE98FAE" containerWithKeyObject="135FE598-7421-84F7-5F00-A9331D1226D9" localFKIndex="033D7EB1-B1FF-F4A7-62F8-D1643E722A3D" name="VUELO_AVION_FK">
<createdBy>diego</createdBy>
<createdTime>2025-08-25 04:42:37 UTC</createdTime>
<generatorID>0FB59F38-1284-CA30-4A9F-9947DA28566A</generatorID>
<ownerDesignName>Exp1_S2_GRUPO7_VyD</ownerDesignName>
<referredTableLongName>AVION</referredTableLongName>
<deleteRule>NO ACTION</deleteRule>
<referredTableID>CF56FE1F-9C4C-E366-25B7-886063008240</referredTableID>
<keyObject>028249B1-81CC-49B5-8B4C-AEA8C2DFCCC5</keyObject>
<referredKeyID>028249B1-81CC-49B5-8B4C-AEA8C2DFCCC5</referredKeyID>
<mandatory>true</mandatory>
<refColNames>Matricula</refColNames>
<transferable>true</transferable>
<rely>false</rely>
<columnDependencyConstraintGenerateInDDL>true</columnDependencyConstraintGenerateInDDL>
</FKIndexAssociation>