<?xml version = '1.0' encoding = 'UTF-8'?>
<FKIndexAssociation class="oracle.dbtools.crest.model.design.relational.FKIndexAssociation" directorySegmentName="seg_0" id="6C135C7A-FD42-199D-3289-8E4CDDE9A4DE" containerWithKeyObject="263A1553-F1C7-4C58-2FD0-CD2819EED59D" localFKIndex="F981EE3A-84F3-20E4-5A76-2427B82B4DDF" name="PILOTO_EMPLEADO_FK">
<createdBy>diego</createdBy>
<createdTime>2025-08-25 04:42:37 UTC</createdTime>
<generatorID>BD4CAFE0-0DE9-9342-1B97-13BCA71AE340</generatorID>
<ownerDesignName>Exp1_S2_GRUPO7_VyD</ownerDesignName>
<referredTableLongName>EMPLEADO</referredTableLongName>
<arc>F0F1970E-5BD9-B582-396C-FA7638888312</arc>
<deleteRule>NO ACTION</deleteRule>
<referredTableID>45ECFDCB-E975-D19A-FE53-A42EAAC51627</referredTableID>
<keyObject>2369CD0D-AF00-F38F-842B-FEC5BB9A1C86</keyObject>
<referredKeyID>2369CD0D-AF00-F38F-842B-FEC5BB9A1C86</referredKeyID>
<mandatory>true</mandatory>
<refColNames>ID_Empleado</refColNames>
<transferable>true</transferable>
<rely>false</rely>
<columnDependencyConstraintGenerateInDDL>true</columnDependencyConstraintGenerateInDDL>
</FKIndexAssociation>