<?xml version = '1.0' encoding = 'UTF-8'?>
<FKIndexAssociation class="oracle.dbtools.crest.model.design.relational.FKIndexAssociation" directorySegmentName="seg_0" id="875CC69E-9988-6D1A-E5E9-89EA4642ABEA" containerWithKeyObject="2C86D221-80F2-1BDA-62D0-B6256A0EE200" localFKIndex="A63B0900-8DE4-A27F-44E9-5B4ACE7EA83A" name="RESERVA_VUELO_FK">
<createdBy>diego</createdBy>
<createdTime>2025-08-25 04:42:37 UTC</createdTime>
<generatorID>BEC44ADF-6B57-2033-5551-B7147104A072</generatorID>
<ownerDesignName>Exp1_S2_GRUPO7_VyD</ownerDesignName>
<referredTableLongName>VUELO</referredTableLongName>
<deleteRule>NO ACTION</deleteRule>
<referredTableID>135FE598-7421-84F7-5F00-A9331D1226D9</referredTableID>
<keyObject>943BFDC6-F39A-6B2D-7E53-575F8EDD2BEF</keyObject>
<referredKeyID>943BFDC6-F39A-6B2D-7E53-575F8EDD2BEF</referredKeyID>
<mandatory>true</mandatory>
<refColNames>Num_Vuelo</refColNames>
<transferable>true</transferable>
<rely>false</rely>
<columnDependencyConstraintGenerateInDDL>true</columnDependencyConstraintGenerateInDDL>
</FKIndexAssociation>