<?xml version = '1.0' encoding = 'UTF-8'?>
<FKIndexAssociation class="oracle.dbtools.crest.model.design.relational.FKIndexAssociation" directorySegmentName="seg_0" id="AD197E56-2EF6-58EB-AE0C-2E6207327FD3" containerWithKeyObject="2C86D221-80F2-1BDA-62D0-B6256A0EE200" localFKIndex="7355EBAE-C757-BE1C-7B09-621991CC5AFF" name="RESERVA_ADMINISTRATIVO_FK">
<createdBy>diego</createdBy>
<createdTime>2025-08-25 04:42:37 UTC</createdTime>
<generatorID>9DD871D8-8B8D-A51F-7077-C4CEDD354940</generatorID>
<ownerDesignName>Exp1_S2_GRUPO7_VyD</ownerDesignName>
<referredTableLongName>ADMINISTRATIVO</referredTableLongName>
<deleteRule>NO ACTION</deleteRule>
<referredTableID>B69AFEB0-31B9-377A-221A-4284F772294C</referredTableID>
<keyObject>AD240771-4357-DC1B-D49B-1F622FC0674B</keyObject>
<referredKeyID>AD240771-4357-DC1B-D49B-1F622FC0674B</referredKeyID>
<mandatory>true</mandatory>
<transferable>true</transferable>
<rely>false</rely>
<columnDependencyConstraintGenerateInDDL>true</columnDependencyConstraintGenerateInDDL>
</FKIndexAssociation>