<?xml version = '1.0' encoding = 'UTF-8'?>
<FKIndexAssociation class="oracle.dbtools.crest.model.design.relational.FKIndexAssociation" directorySegmentName="seg_0" id="CA0D0FF9-C5CB-BAB0-2D65-11683C70A762" containerWithKeyObject="B69AFEB0-31B9-377A-221A-4284F772294C" localFKIndex="2C51D215-76F5-FFB4-A9CE-92B4764CFB9D" name="ADMINISTRATIVO_EMPLEADO_FK">
<createdBy>diego</createdBy>
<createdTime>2025-08-25 04:42:37 UTC</createdTime>
<generatorID>94400023-D13F-942B-0E86-D5BB4222BE4E</generatorID>
<ownerDesignName>Exp1_S2_GRUPO7_VyD</ownerDesignName>
<referredTableLongName>EMPLEADO</referredTableLongName>
<arc>F0F1970E-5BD9-B582-396C-FA7638888312</arc>
<deleteRule>NO ACTION</deleteRule>
<referredTableID>45ECFDCB-E975-D19A-FE53-A42EAAC51627</referredTableID>
<keyObject>2369CD0D-AF00-F38F-842B-FEC5BB9A1C86</keyObject>
<referredKeyID>2369CD0D-AF00-F38F-842B-FEC5BB9A1C86</referredKeyID>
<mandatory>true</mandatory>
<refColNames>ID_Empleado</refColNames>
<transferable>true</transferable>
<rely>false</rely>
<columnDependencyConstraintGenerateInDDL>true</columnDependencyConstraintGenerateInDDL>
</FKIndexAssociation>