<?xml version = '1.0' encoding = 'UTF-8'?>
<FKIndexAssociation class="oracle.dbtools.crest.model.design.relational.FKIndexAssociation" directorySegmentName="seg_0" id="E64D6432-9715-E0F6-23F6-4CAB07B11132" containerWithKeyObject="2C86D221-80F2-1BDA-62D0-B6256A0EE200" localFKIndex="C0012C74-8047-C8C2-FBE8-9B3309D7B1EE" name="RESERVA_PASAJERO_FK">
<createdBy>diego</createdBy>
<createdTime>2025-08-25 04:42:37 UTC</createdTime>
<generatorID>7B88384A-B657-F853-E292-BABB33ECAD89</generatorID>
<ownerDesignName>Exp1_S2_GRUPO7_VyD</ownerDesignName>
<referredTableLongName>PASAJERO</referredTableLongName>
<deleteRule>NO ACTION</deleteRule>
<referredTableID>398A09F1-CAEA-1EFE-5F62-B0B3C5A5488A</referredTableID>
<keyObject>24940221-9AB1-3A3D-1E4B-16DFB632A1E3</keyObject>
<referredKeyID>24940221-9AB1-3A3D-1E4B-16DFB632A1E3</referredKeyID>
<mandatory>true</mandatory>
<refColNames>ID_Pasajero</refColNames>
<transferable>true</transferable>
<rely>false</rely>
<columnDependencyConstraintGenerateInDDL>true</columnDependencyConstraintGenerateInDDL>
</FKIndexAssociation>