<?xml version = '1.0' encoding = 'UTF-8'?>
<FKIndexAssociation class="oracle.dbtools.crest.model.design.relational.FKIndexAssociation" directorySegmentName="seg_0" id="F9EC00D3-4433-8CA6-5A4D-703CD095EE73" containerWithKeyObject="8597B501-21B3-EF12-5E97-AEB3367AE6FF" localFKIndex="8E9611D7-28C3-2F38-C559-DE8CDBCB0560" name="EQUIPAJE_PASAJERO_FK">
<createdBy>diego</createdBy>
<createdTime>2025-08-25 04:42:37 UTC</createdTime>
<generatorID>5167AB22-714D-75A6-99CD-99F117846C20</generatorID>
<ownerDesignName>Exp1_S2_GRUPO7_VyD</ownerDesignName>
<referredTableLongName>PASAJERO</referredTableLongName>
<deleteRule>NO ACTION</deleteRule>
<referredTableID>398A09F1-CAEA-1EFE-5F62-B0B3C5A5488A</referredTableID>
<keyObject>24940221-9AB1-3A3D-1E4B-16DFB632A1E3</keyObject>
<referredKeyID>24940221-9AB1-3A3D-1E4B-16DFB632A1E3</referredKeyID>
<mandatory>true</mandatory>
<refColNames>ID_Pasajero</refColNames>
<transferable>true</transferable>
<rely>false</rely>
<columnDependencyConstraintGenerateInDDL>true</columnDependencyConstraintGenerateInDDL>
</FKIndexAssociation>