<?xml version = '1.0' encoding = 'UTF-8'?>
<Diagram class="oracle.dbtools.crest.swingui.logical.DPVLogical" name="Logical" id="CFBA36A7-74B5-FE14-A814-FB0B626677E2">
<createdBy>diego</createdBy>
<modifiedBy>diego</modifiedBy>
<createdTime>2025-08-25 02:56:19 UTC</createdTime>
<autoRoute>false</autoRoute>
<boxInbox>true</boxInbox>
<showLegend>false</showLegend>
<showLabels>false</showLabels>
<showRelAttributes>false</showRelAttributes>
<gridEnabled>false</gridEnabled>
<showGrid>false</showGrid>
<diagramColor>-1</diagramColor>
<display>false</display>
<notation>1</notation>
<objectViews>
<OView class="oracle.dbtools.crest.swingui.logical.TVEntity" oid="0BB049ED-A619-F4FA-497E-87C82898EEC9" otype="Entity" vid="47D146F4-A488-432E-85B9-40B01287728D">
<hideElementsInCurrentOnly>false</hideElementsInCurrentOnly>
<bounds x="668" y="118" width="166" height="128"/>
</OView>
<OView class="oracle.dbtools.crest.swingui.logical.TVEntity" oid="496D43FD-71CC-2091-CAD2-50964523C99C" otype="Entity" vid="FCB45632-BD99-DA83-9FED-4F8FFAE51EC8">
<hideElementsInCurrentOnly>false</hideElementsInCurrentOnly>
<bounds x="692" y="406" width="169" height="161"/>
</OView>
<OView class="oracle.dbtools.crest.swingui.logical.TVEntity" oid="8663CDB7-A071-ED06-EA3B-E6F5A925D31A" otype="Entity" vid="C5549970-9A70-A351-8EA2-67A484948BD0">
<hideElementsInCurrentOnly>false</hideElementsInCurrentOnly>
<bounds x="766" y="431" width="85" height="48"/>
</OView>
<OView class="oracle.dbtools.crest.swingui.logical.TVEntity" oid="AC99DE71-E424-EFF8-9079-19F81AC3824D" otype="Entity" vid="F2415678-AC2E-5994-ACAB-119102F2AEDE">
<hideElementsInCurrentOnly>false</hideElementsInCurrentOnly>
<bounds x="348" y="134" width="158" height="155"/>
</OView>
<OView class="oracle.dbtools.crest.swingui.logical.TVEntity" oid="B2855B37-D533-3E32-792B-67C4AD7959BC" otype="Entity" vid="679FBEBC-38DC-838D-AFAE-065CC9C4593A">
<hideElementsInCurrentOnly>false</hideElementsInCurrentOnly>
<bounds x="960" y="119" width="152" height="113"/>
</OView>
<OView class="oracle.dbtools.crest.swingui.logical.TVEntity" oid="B6F2B251-1F9E-BDC7-51C0-474C12D086BF" otype="Entity" vid="F1403762-5AC9-FAB4-C4AD-3BAA41085B5A">
<hideElementsInCurrentOnly>false</hideElementsInCurrentOnly>
<bounds x="62" y="98" width="181" height="202"/>
</OView>
<OView class="oracle.dbtools.crest.swingui.logical.TVEntity" oid="D3F49356-51E8-5C42-E47D-912F31682C30" otype="Entity" vid="1159A550-7AEC-F785-BCDA-2D04C4809AF7">
<hideElementsInCurrentOnly>false</hideElementsInCurrentOnly>
<bounds x="764" y="498" width="87" height="59"/>
</OView>
<OView class="oracle.dbtools.crest.swingui.logical.TVEntity" oid="D4335048-F85D-D43D-A99C-0CE17DE3AD8D" otype="Entity" vid="BBB40198-6E83-ADF2-1D66-552D4E7DE2D8">
<hideElementsInCurrentOnly>false</hideElementsInCurrentOnly>
<bounds x="73" y="391" width="160" height="138"/>
</OView>
</objectViews>
<connectors>
<Connector class="oracle.dbtools.crest.swingui.logical.TVRelation" oid="0FB59F38-1284-CA30-4A9F-9947DA28566A" otype="Relation" vid_source="679FBEBC-38DC-838D-AFAE-065CC9C4593A" vid_target="47D146F4-A488-432E-85B9-40B01287728D">
<hideElementsInCurrentOnly>false</hideElementsInCurrentOnly>
<backgroundColor>-16777216</backgroundColor>
<lineWidth>1</lineWidth>
<points>
<point x="960" y="175"/>
<point x="834" y="175"/>
</points>
</Connector>
<Connector class="oracle.dbtools.crest.swingui.logical.TVRelation" oid="5167AB22-714D-75A6-99CD-99F117846C20" otype="Relation" vid_source="F1403762-5AC9-FAB4-C4AD-3BAA41085B5A" vid_target="BBB40198-6E83-ADF2-1D66-552D4E7DE2D8">
<hideElementsInCurrentOnly>false</hideElementsInCurrentOnly>
<backgroundColor>-16777216</backgroundColor>
<lineWidth>1</lineWidth>
<points>
<point x="153" y="300"/>
<point x="153" y="391"/>
</points>
</Connector>
<Connector class="oracle.dbtools.crest.swingui.logical.TVRelation" oid="7B88384A-B657-F853-E292-BABB33ECAD89" otype="Relation" vid_source="F1403762-5AC9-FAB4-C4AD-3BAA41085B5A" vid_target="F2415678-AC2E-5994-ACAB-119102F2AEDE">
<hideElementsInCurrentOnly>false</hideElementsInCurrentOnly>
<backgroundColor>-16777216</backgroundColor>
<lineWidth>1</lineWidth>
<points>
<point x="243" y="211"/>
<point x="348" y="211"/>
</points>
</Connector>
<Connector class="oracle.dbtools.crest.swingui.logical.TVInheritanceRelation" oid="94400023-D13F-942B-0E86-D5BB4222BE4E" otype="Hierarchy relation" vid_source="FCB45632-BD99-DA83-9FED-4F8FFAE51EC8" vid_target="1159A550-7AEC-F785-BCDA-2D04C4809AF7">
<hideElementsInCurrentOnly>false</hideElementsInCurrentOnly>
<backgroundColor>-65536</backgroundColor>
<lineWidth>1</lineWidth>
</Connector>
<Connector class="oracle.dbtools.crest.swingui.logical.TVRelation" oid="9DD871D8-8B8D-A51F-7077-C4CEDD354940" otype="Relation" vid_source="1159A550-7AEC-F785-BCDA-2D04C4809AF7" vid_target="F2415678-AC2E-5994-ACAB-119102F2AEDE">
<hideElementsInCurrentOnly>false</hideElementsInCurrentOnly>
<backgroundColor>-16777216</backgroundColor>
<lineWidth>1</lineWidth>
<points>
<point x="771" y="498"/>
<point x="491" y="289"/>
</points>
</Connector>
<Connector class="oracle.dbtools.crest.swingui.logical.TVInheritanceRelation" oid="BD4CAFE0-0DE9-9342-1B97-13BCA71AE340" otype="Hierarchy relation" vid_source="FCB45632-BD99-DA83-9FED-4F8FFAE51EC8" vid_target="C5549970-9A70-A351-8EA2-67A484948BD0">
<hideElementsInCurrentOnly>false</hideElementsInCurrentOnly>
<backgroundColor>-65536</backgroundColor>
<lineWidth>1</lineWidth>
</Connector>
<Connector class="oracle.dbtools.crest.swingui.logical.TVRelation" oid="BEC44ADF-6B57-2033-5551-B7147104A072" otype="Relation" vid_source="47D146F4-A488-432E-85B9-40B01287728D" vid_target="F2415678-AC2E-5994-ACAB-119102F2AEDE">
<hideElementsInCurrentOnly>false</hideElementsInCurrentOnly>
<backgroundColor>-16777216</backgroundColor>
<lineWidth>1</lineWidth>
<points>
<point x="668" y="190"/>
<point x="506" y="190"/>
</points>
</Connector>
</connectors>
</Diagram>